MAE,RMSE,R2
0.6035964139189804,1.5696053665049707,0.8353896472845042
